ANO,SEMANA_EPI,CASOS_PROXY,RESERVADA_ATRASO_NOTIFICACAO,USAR_NO_TREINO
2009,1,0,False,True
2009,2,0,False,True
2009,3,0,False,True
2009,4,0,False,True
2009,5,0,False,True
2009,6,0,False,True
2009,7,0,False,True
2009,8,0,False,True
2009,9,0,False,True
2009,10,0,False,True
2009,11,0,False,True
2009,12,0,False,True
2009,13,0,False,True
2009,14,0,False,True
2009,15,0,False,True
2009,16,0,False,True
2009,17,0,False,True
2009,18,0,False,True
2009,19,0,False,True
2009,20,0,False,True
2009,21,0,False,True
2009,22,0,False,True
2009,23,0,False,True
2009,24,0,False,True
2009,25,0,False,True
2009,26,0,False,True
2009,27,0,False,True
2009,28,0,False,True
2009,29,0,False,True
2009,30,0,False,True
2009,31,0,False,True
2009,32,0,False,True
2009,33,0,False,True
2009,34,0,False,True
2009,35,0,False,True
2009,36,0,False,True
2009,37,0,False,True
2009,38,0,False,True
2009,39,0,False,True
2009,40,0,False,True
2009,41,0,False,True
2009,42,0,False,True
2009,43,0,False,True
2009,44,0,False,True
2009,45,0,False,True
2009,46,0,False,True
2009,47,0,False,True
2009,48,0,False,True
2009,49,0,False,True
2009,50,0,False,True
2009,51,0,False,True
2009,52,0,False,True
2010,1,0,False,True
2010,2,0,False,True
2010,3,0,False,True
2010,4,0,False,True
2010,5,0,False,True
2010,6,0,False,True
2010,7,0,False,True
2010,8,0,False,True
2010,9,0,False,True
2010,10,0,False,True
2010,11,0,False,True
2010,12,0,False,True
2010,13,0,False,True
2010,14,0,False,True
2010,15,0,False,True
2010,16,0,False,True
2010,17,0,False,True
2010,18,0,False,True
2010,19,0,False,True
2010,20,0,False,True
2010,21,0,False,True
2010,22,0,False,True
2010,23,0,False,True
2010,24,0,False,True
2010,25,0,False,True
2010,26,0,False,True
2010,27,0,False,True
2010,28,0,False,True
2010,29,0,False,True
2010,30,0,False,True
2010,31,0,False,True
2010,32,0,False,True
2010,33,0,False,True
2010,34,0,False,True
2010,35,0,False,True
2010,36,0,False,True
2010,37,0,False,True
2010,38,0,False,True
2010,39,0,False,True
2010,40,0,False,True
2010,41,0,False,True
2010,42,0,False,True
2010,43,0,False,True
2010,44,0,False,True
2010,45,0,False,True
2010,46,0,False,True
2010,47,0,False,True
2010,48,0,False,True
2010,49,0,False,True
2010,50,0,False,True
2010,51,0,False,True
2010,52,0,False,True
2011,1,0,False,True
2011,2,0,False,True
2011,3,0,False,True
2011,4,0,False,True
2011,5,0,False,True
2011,6,0,False,True
2011,7,0,False,True
2011,8,0,False,True
2011,9,0,False,True
2011,10,0,False,True
2011,11,0,False,True
2011,12,0,False,True
2011,13,0,False,True
2011,14,0,False,True
2011,15,0,False,True
2011,16,0,False,True
2011,17,0,False,True
2011,18,0,False,True
2011,19,0,False,True
2011,20,0,False,True
2011,21,0,False,True
2011,22,0,False,True
2011,23,0,False,True
2011,24,0,False,True
2011,25,0,False,True
2011,26,0,False,True
2011,27,0,False,True
2011,28,0,False,True
2011,29,0,False,True
2011,30,0,False,True
2011,31,0,False,True
2011,32,0,False,True
2011,33,0,False,True
2011,34,0,False,True
2011,35,0,False,True
2011,36,0,False,True
2011,37,0,False,True
2011,38,0,False,True
2011,39,0,False,True
2011,40,0,False,True
2011,41,0,False,True
2011,42,0,False,True
2011,43,0,False,True
2011,44,0,False,True
2011,45,0,False,True
2011,46,0,False,True
2011,47,0,False,True
2011,48,0,False,True
2011,49,0,False,True
2011,50,0,False,True
2011,51,0,False,True
2011,52,0,False,True
2012,1,0,False,True
2012,2,0,False,True
2012,3,0,False,True
2012,4,0,False,True
2012,5,0,False,True
2012,6,0,False,True
2012,7,0,False,True
2012,8,0,False,True
2012,9,0,False,True
2012,10,0,False,True
2012,11,0,False,True
2012,12,0,False,True
2012,13,0,False,True
2012,14,0,False,True
2012,15,0,False,True
2012,16,0,False,True
2012,17,0,False,True
2012,18,0,False,True
2012,19,0,False,True
2012,20,0,False,True
2012,21,0,False,True
2012,22,0,False,True
2012,23,0,False,True
2012,24,1,False,True
2012,25,0,False,True
2012,26,0,False,True
2012,27,0,False,True
2012,28,0,False,True
2012,29,0,False,True
2012,30,0,False,True
2012,31,0,False,True
2012,32,0,False,True
2012,33,0,False,True
2012,34,0,False,True
2012,35,4,False,True
2012,36,0,False,True
2012,37,1,False,True
2012,38,1,False,True
2012,39,1,False,True
2012,40,0,False,True
2012,41,0,False,True
2012,42,1,False,True
2012,43,3,False,True
2012,44,0,False,True
2012,45,0,False,True
2012,46,0,False,True
2012,47,0,False,True
2012,48,0,False,True
2012,49,0,False,True
2012,50,0,False,True
2012,51,0,False,True
2012,52,1,False,True
2013,1,1,False,True
2013,2,1,False,True
2013,3,3,False,True
2013,4,0,False,True
2013,5,1,False,True
2013,6,0,False,True
2013,7,0,False,True
2013,8,3,False,True
2013,9,5,False,True
2013,10,1,False,True
2013,11,2,False,True
2013,12,8,False,True
2013,13,16,False,True
2013,14,15,False,True
2013,15,43,False,True
2013,16,53,False,True
2013,17,94,False,True
2013,18,87,False,True
2013,19,60,False,True
2013,20,58,False,True
2013,21,45,False,True
2013,22,33,False,True
2013,23,34,False,True
2013,24,12,False,True
2013,25,9,False,True
2013,26,11,False,True
2013,27,2,False,True
2013,28,6,False,True
2013,29,7,False,True
2013,30,3,False,True
2013,31,1,False,True
2013,32,2,False,True
2013,33,0,False,True
2013,34,1,False,True
2013,35,1,False,True
2013,36,2,False,True
2013,37,3,False,True
2013,38,3,False,True
2013,39,0,False,True
2013,40,2,False,True
2013,41,0,False,True
2013,42,0,False,True
2013,43,2,False,True
2013,44,0,False,True
2013,45,1,False,True
2013,46,3,False,True
2013,47,3,False,True
2013,48,0,False,True
2013,49,1,False,True
2013,50,2,False,True
2013,51,0,False,True
2013,52,1,False,True
2014,1,3,False,True
2014,2,3,False,True
2014,3,5,False,True
2014,4,1,False,True
2014,5,3,False,True
2014,6,0,False,True
2014,7,1,False,True
2014,8,1,False,True
2014,9,0,False,True
2014,10,2,False,True
2014,11,3,False,True
2014,12,6,False,True
2014,13,8,False,True
2014,14,6,False,True
2014,15,6,False,True
2014,16,8,False,True
2014,17,10,False,True
2014,18,8,False,True
2014,19,16,False,True
2014,20,12,False,True
2014,21,10,False,True
2014,22,5,False,True
2014,23,11,False,True
2014,24,10,False,True
2014,25,6,False,True
2014,26,3,False,True
2014,27,3,False,True
2014,28,1,False,True
2014,29,0,False,True
2014,30,1,False,True
2014,31,2,False,True
2014,32,3,False,True
2014,33,1,False,True
2014,34,3,False,True
2014,35,1,False,True
2014,36,2,False,True
2014,37,2,False,True
2014,38,2,False,True
2014,39,1,False,True
2014,40,2,False,True
2014,41,1,False,True
2014,42,2,False,True
2014,43,0,False,True
2014,44,1,False,True
2014,45,1,False,True
2014,46,1,False,True
2014,47,1,False,True
2014,48,0,False,True
2014,49,1,False,True
2014,50,4,False,True
2014,51,0,False,True
2014,52,0,False,True
2015,1,0,False,True
2015,2,1,False,True
2015,3,0,False,True
2015,4,1,False,True
2015,5,1,False,True
2015,6,0,False,True
2015,7,0,False,True
2015,8,1,False,True
2015,9,3,False,True
2015,10,4,False,True
2015,11,2,False,True
2015,12,5,False,True
2015,13,1,False,True
2015,14,7,False,True
2015,15,4,False,True
2015,16,3,False,True
2015,17,8,False,True
2015,18,8,False,True
2015,19,15,False,True
2015,20,18,False,True
2015,21,8,False,True
2015,22,7,False,True
2015,23,2,False,True
2015,24,3,False,True
2015,25,2,False,True
2015,26,4,False,True
2015,27,1,False,True
2015,28,2,False,True
2015,29,3,False,True
2015,30,0,False,True
2015,31,1,False,True
2015,32,0,False,True
2015,33,0,False,True
2015,34,3,False,True
2015,35,0,False,True
2015,36,0,False,True
2015,37,3,False,True
2015,38,0,False,True
2015,39,1,False,True
2015,40,0,False,True
2015,41,0,False,True
2015,42,0,False,True
2015,43,0,False,True
2015,44,0,False,True
2015,45,0,False,True
2015,46,2,False,True
2015,47,1,False,True
2015,48,0,False,True
2015,49,1,False,True
2015,50,0,False,True
2015,51,2,False,True
2015,52,0,False,True
2016,1,4,False,True
2016,2,0,False,True
2016,3,0,False,True
2016,4,4,False,True
2016,5,2,False,True
2016,6,7,False,True
2016,7,8,False,True
2016,8,27,False,True
2016,9,48,False,True
2016,10,91,False,True
2016,11,170,False,True
2016,12,253,False,True
2016,13,261,False,True
2016,14,212,False,True
2016,15,109,False,True
2016,16,48,False,True
2016,17,22,False,True
2016,18,18,False,True
2016,19,23,False,True
2016,20,8,False,True
2016,21,14,False,True
2016,22,13,False,True
2016,23,9,False,True
2016,24,11,False,True
2016,25,9,False,True
2016,26,10,False,True
2016,27,9,False,True
2016,28,3,False,True
2016,29,5,False,True
2016,30,4,False,True
2016,31,1,False,True
2016,32,3,False,True
2016,33,0,False,True
2016,34,2,False,True
2016,35,3,False,True
2016,36,1,False,True
2016,37,1,False,True
2016,38,0,False,True
2016,39,3,False,True
2016,40,2,False,True
2016,41,4,False,True
2016,42,1,False,True
2016,43,5,False,True
2016,44,1,False,True
2016,45,1,False,True
2016,46,3,False,True
2016,47,1,False,True
2016,48,2,False,True
2016,49,3,False,True
2016,50,8,False,True
2016,51,1,False,True
2016,52,3,False,True
2017,1,2,False,True
2017,2,2,False,True
2017,3,3,False,True
2017,4,10,False,True
2017,5,6,False,True
2017,6,8,False,True
2017,7,13,False,True
2017,8,7,False,True
2017,9,6,False,True
2017,10,8,False,True
2017,11,5,False,True
2017,12,11,False,True
2017,13,7,False,True
2017,14,8,False,True
2017,15,5,False,True
2017,16,17,False,True
2017,17,6,False,True
2017,18,10,False,True
2017,19,8,False,True
2017,20,5,False,True
2017,21,5,False,True
2017,22,3,False,True
2017,23,8,False,True
2017,24,4,False,True
2017,25,3,False,True
2017,26,5,False,True
2017,27,12,False,True
2017,28,6,False,True
2017,29,4,False,True
2017,30,4,False,True
2017,31,2,False,True
2017,32,0,False,True
2017,33,1,False,True
2017,34,2,False,True
2017,35,5,False,True
2017,36,1,False,True
2017,37,4,False,True
2017,38,8,False,True
2017,39,5,False,True
2017,40,7,False,True
2017,41,7,False,True
2017,42,6,False,True
2017,43,9,False,True
2017,44,14,False,True
2017,45,9,False,True
2017,46,5,False,True
2017,47,8,False,True
2017,48,7,False,True
2017,49,4,False,True
2017,50,4,False,True
2017,51,5,False,True
2017,52,5,False,True
2018,1,3,False,True
2018,2,1,False,True
2018,3,4,False,True
2018,4,0,False,True
2018,5,3,False,True
2018,6,3,False,True
2018,7,3,False,True
2018,8,2,False,True
2018,9,8,False,True
2018,10,2,False,True
2018,11,3,False,True
2018,12,5,False,True
2018,13,6,False,True
2018,14,6,False,True
2018,15,13,False,True
2018,16,23,False,True
2018,17,22,False,True
2018,18,43,False,True
2018,19,48,False,True
2018,20,75,False,True
2018,21,79,False,True
2018,22,101,False,True
2018,23,71,False,True
2018,24,77,False,True
2018,25,60,False,True
2018,26,49,False,True
2018,27,20,False,True
2018,28,17,False,True
2018,29,13,False,True
2018,30,2,False,True
2018,31,5,False,True
2018,32,3,False,True
2018,33,4,False,True
2018,34,2,False,True
2018,35,0,False,True
2018,36,0,False,True
2018,37,3,False,True
2018,38,0,False,True
2018,39,1,False,True
2018,40,0,False,True
2018,41,0,False,True
2018,42,0,False,True
2018,43,2,False,True
2018,44,1,False,True
2018,45,1,False,True
2018,46,2,False,True
2018,47,2,False,True
2018,48,0,False,True
2018,49,1,False,True
2018,50,0,False,True
2018,51,0,False,True
2018,52,1,False,True
2019,1,1,False,True
2019,2,0,False,True
2019,3,0,False,True
2019,4,0,False,True
2019,5,0,False,True
2019,6,0,False,True
2019,7,3,False,True
2019,8,1,False,True
2019,9,1,False,True
2019,10,1,False,True
2019,11,3,False,True
2019,12,7,False,True
2019,13,11,False,True
2019,14,4,False,True
2019,15,5,False,True
2019,16,12,False,True
2019,17,14,False,True
2019,18,22,False,True
2019,19,23,False,True
2019,20,36,False,True
2019,21,36,False,True
2019,22,48,False,True
2019,23,44,False,True
2019,24,40,False,True
2019,25,34,False,True
2019,26,19,False,True
2019,27,15,False,True
2019,28,13,False,True
2019,29,8,False,True
2019,30,10,False,True
2019,31,7,False,True
2019,32,4,False,True
2019,33,0,False,True
2019,34,3,False,True
2019,35,3,False,True
2019,36,4,False,True
2019,37,5,False,True
2019,38,2,False,True
2019,39,3,False,True
2019,40,2,False,True
2019,41,4,False,True
2019,42,2,False,True
2019,43,0,False,True
2019,44,1,False,True
2019,45,1,False,True
2019,46,1,False,True
2019,47,1,False,True
2019,48,2,False,True
2019,49,2,False,True
2019,50,4,False,True
2019,51,1,False,True
2019,52,4,False,True
2022,1,109,False,True
2022,2,28,False,True
2022,3,9,False,True
2022,4,5,False,True
2022,5,1,False,True
2022,6,0,False,True
2022,7,1,False,True
2022,8,0,False,True
2022,9,0,False,True
2022,10,0,False,True
2022,11,2,False,True
2022,12,2,False,True
2022,13,0,False,True
2022,14,1,False,True
2022,15,0,False,True
2022,16,2,False,True
2022,17,0,False,True
2022,18,0,False,True
2022,19,0,False,True
2022,20,2,False,True
2022,21,0,False,True
2022,22,0,False,True
2022,23,0,False,True
2022,24,0,False,True
2022,25,0,False,True
2022,26,2,False,True
2022,27,0,False,True
2022,28,1,False,True
2022,29,0,False,True
2022,30,1,False,True
2022,31,1,False,True
2022,32,0,False,True
2022,33,1,False,True
2022,34,2,False,True
2022,35,6,False,True
2022,36,11,False,True
2022,37,19,False,True
2022,38,34,False,True
2022,39,26,False,True
2022,40,35,False,True
2022,41,30,False,True
2022,42,14,False,True
2022,43,8,False,True
2022,44,10,False,True
2022,45,5,False,True
2022,46,3,False,True
2022,47,1,False,True
2022,48,1,False,True
2022,49,3,False,True
2022,50,0,False,True
2022,51,2,False,True
2022,52,0,False,True
2023,1,0,False,True
2023,2,3,False,True
2023,3,2,False,True
2023,4,1,False,True
2023,5,5,False,True
2023,6,0,False,True
2023,7,0,False,True
2023,8,2,False,True
2023,9,2,False,True
2023,10,1,False,True
2023,11,4,False,True
2023,12,3,False,True
2023,13,9,False,True
2023,14,7,False,True
2023,15,18,False,True
2023,16,18,False,True
2023,17,17,False,True
2023,18,21,False,True
2023,19,25,False,True
2023,20,38,False,True
2023,21,39,False,True
2023,22,36,False,True
2023,23,31,False,True
2023,24,17,False,True
2023,25,17,False,True
2023,26,8,False,True
2023,27,7,False,True
2023,28,6,False,True
2023,29,1,False,True
2023,30,1,False,True
2023,31,3,False,True
2023,32,2,False,True
2023,33,3,False,True
2023,34,1,False,True
2023,35,2,False,True
2023,36,2,False,True
2023,37,1,False,True
2023,38,0,False,True
2023,39,0,False,True
2023,40,0,False,True
2023,41,1,False,True
2023,42,1,False,True
2023,43,0,False,True
2023,44,2,False,True
2023,45,1,False,True
2023,46,0,False,True
2023,47,1,False,True
2023,48,2,False,True
2023,49,1,False,True
2023,50,3,False,True
2023,51,0,False,True
2023,52,2,False,True
2024,1,7,False,True
2024,2,3,False,True
2024,3,3,False,True
2024,4,6,False,True
2024,5,12,False,True
2024,6,10,False,True
2024,7,12,False,True
2024,8,29,False,True
2024,9,20,False,True
2024,10,30,False,True
2024,11,21,False,True
2024,12,18,False,True
2024,13,25,False,True
2024,14,39,False,True
2024,15,51,False,True
2024,16,44,False,True
2024,17,39,False,True
2024,18,41,False,True
2024,19,24,False,True
2024,20,22,False,True
2024,21,25,False,True
2024,22,17,False,True
2024,23,28,False,True
2024,24,16,False,True
2024,25,26,False,True
2024,26,20,False,True
2024,27,17,False,True
2024,28,19,False,True
2024,29,14,False,True
2024,30,7,False,True
2024,31,4,False,True
2024,32,6,False,True
2024,33,3,False,True
2024,34,7,False,True
2024,35,6,False,True
2024,36,10,False,True
2024,37,2,False,True
2024,38,7,False,True
2024,39,12,False,True
2024,40,8,False,True
2024,41,4,False,True
2024,42,6,False,True
2024,43,7,False,True
2024,44,7,False,True
2024,45,5,False,True
2024,46,5,False,True
2024,47,5,False,True
2024,48,11,False,True
2024,49,8,False,True
2024,50,10,False,True
2024,51,8,False,True
2024,52,7,False,True
2025,1,6,False,True
2025,2,10,False,True
2025,3,9,False,True
2025,4,7,False,True
2025,5,4,False,True
2025,6,5,False,True
2025,7,6,False,True
2025,8,5,False,True
2025,9,6,False,True
2025,10,8,False,True
2025,11,17,False,True
2025,12,9,False,True
2025,13,16,False,True
2025,14,15,False,True
2025,15,40,False,True
2025,16,60,False,True
2025,17,75,False,True
2025,18,111,False,True
2025,19,95,False,True
2025,20,126,False,True
2025,21,110,False,True
2025,22,68,False,True
2025,23,61,False,True
2025,24,46,False,True
2025,25,45,False,True
2025,26,26,False,True
2025,27,17,False,True
2025,28,9,False,True
2025,29,11,False,True
2025,30,12,False,True
2025,31,3,False,True
2025,32,6,False,True
2025,33,16,False,True
2025,34,11,False,True
2025,35,8,False,True
2025,36,12,False,True
2025,37,9,False,True
2025,38,24,False,True
2025,39,23,False,True
2025,40,23,False,True
2025,41,30,False,True
2025,42,43,False,True
2025,43,48,False,True
2025,44,37,False,True
2025,45,38,False,True
2025,46,35,False,True
2025,47,29,False,True
2025,48,30,False,True
2025,49,17,False,True
2025,50,14,False,True
2025,51,8,False,True
2025,52,13,False,True
2026,1,3,False,True
2026,2,5,False,True
2026,3,3,False,True
2026,4,5,False,True
2026,5,5,False,True
2026,6,4,False,True
2026,7,1,False,True
2026,8,3,False,True
2026,9,5,False,True
2026,10,12,False,True
2026,11,18,False,True
2026,12,14,False,True
2026,13,17,False,True
2026,14,20,False,True
2026,15,35,False,True
2026,16,32,False,True
2026,17,30,False,True
2026,18,18,False,True
2026,19,26,False,True
2026,20,24,False,True
2026,21,24,False,True
2026,22,13,False,True
2026,23,18,False,True
2026,24,14,False,True
2026,25,8,False,True
2026,26,1,False,True
2026,27,5,False,True
2026,28,2,False,True
2026,29,0,False,True
2026,30,0,False,True
2026,31,0,False,True
2026,32,0,False,True
2026,33,0,False,True
2026,34,0,False,True
2026,35,0,False,True
2026,36,0,False,True
2026,37,0,False,True
2026,38,0,False,True
2026,39,0,False,True
2026,40,0,False,True
2026,41,0,False,True
2026,42,0,False,True
2026,43,0,False,True
2026,44,0,False,True
2026,45,0,True,False
2026,46,0,True,False
2026,47,0,True,False
2026,48,0,True,False
2026,49,0,True,False
2026,50,0,True,False
2026,51,0,True,False
2026,52,0,True,False
